State,District,Confirmed,Active,Recovered,Deceased,Migrated_Other,Delta_Confirmed,Delta_Active,Delta_Recovered,Delta_Deceased,District_Notes
Telangana,Adilabad,1815,1800,15,0,0,32,32,0,0,District-wise numbers are out-dated as cumulative counts for each district are not reported in Telangana bulletin
Madhya Pradesh,Agar Malwa,416,21,387,8,0,3,1,2,0,
Uttar Pradesh,Agra,6253,587,5536,130,0,78,53,25,0,
Gujarat,Ahmedabad,38561,3575,33145,1841,0,180,-39,216,3,
Maharashtra,Ahmednagar,48131,9413,37981,737,0,0,0,0,0,
Mizoram,Aizawl,1397,38,1359,0,0,3,-31,34,0,
Rajasthan,Ajmer,7846,262,7469,115,0,113,4,107,2,
Maharashtra,Akola,7795,663,6885,246,1,0,0,0,0,
Kerala,Alappuzha,19252,5992,13197,55,8,793,443,348,2,
Uttar Pradesh,Aligarh,8772,654,8079,39,0,55,34,21,0,
West Bengal,Alipurduar,5276,571,4639,66,0,83,8,74,1,
Madhya Pradesh,Alirajpur,1008,42,953,13,0,4,-2,6,0,
Uttarakhand,Almora,1560,127,1417,8,8,17,7,10,0,
Rajasthan,Alwar,12191,496,11649,46,0,86,-51,137,0,
Haryana,Ambala,8416,336,7978,102,0,43,-28,70,1,
Uttar Pradesh,Ambedkar Nagar,1555,183,1339,33,0,6,-2,8,0,
Uttar Pradesh,Amethi,2627,299,2305,23,0,23,4,19,0,
Maharashtra,Amravati,14980,1945,12729,306,0,0,0,0,0,
Gujarat,Amreli,2387,465,1897,25,0,25,5,20,0,
Punjab,Amritsar,11021,888,9732,401,0,94,-36,126,4,
Uttar Pradesh,Amroha,3092,420,2632,40,0,34,-45,80,-1,
Gujarat,Anand,1194,48,1130,16,0,12,3,9,0,
Andhra Pradesh,Anantapur,60285,1562,58203,520,0,285,24,258,3,
Jammu and Kashmir,Anantnag,3734,331,3334,69,0,27,18,9,0,
Andaman and Nicobar Islands,Andaman and Nicobar Combined,3976,197,3724,55,0,0,0,0,0,
Odisha,Angul,5310,1078,4224,8,0,107,24,83,0,
Arunachal Pradesh,Anjaw,153,44,109,0,0,0,0,0,0,
Madhya Pradesh,Anuppur,1256,141,1104,11,0,27,19,8,0,
Bihar,Araria,5572,354,5203,15,0,30,-26,56,0,
Gujarat,Aravalli,640,198,418,24,0,1,1,0,0,
Tamil Nadu,Ariyalur,4042,209,3789,44,0,35,9,25,1,
Bihar,Arwal,1918,85,1825,8,0,3,-3,6,0,
Madhya Pradesh,Ashoknagar,521,57,450,14,0,2,-1,3,0,
Uttar Pradesh,Auraiya,2470,240,2197,33,0,14,-4,18,0,
Bihar,Aurangabad,3875,196,3669,10,0,21,8,13,0,
Maharashtra,Aurangabad,38328,9809,27596,923,0,0,0,0,0,
Uttar Pradesh,Ayodhya,6495,693,5721,81,0,45,-35,79,1,
Uttar Pradesh,Azamgarh,4862,499,4288,75,0,38,12,26,0,
Karnataka,Bagalkote,11364,639,10609,116,0,76,-32,108,0,
Uttarakhand,Bageshwar,750,127,619,4,0,20,15,5,0,
Uttar Pradesh,Baghpat,1375,110,1241,24,0,5,-6,11,0,
Uttar Pradesh,Bahraich,3290,237,2993,60,0,33,0,33,0,
Assam,Baksa,687,234,447,6,0,0,0,0,0,
Madhya Pradesh,Balaghat,1417,312,1097,8,0,37,-22,59,0,
Odisha,Balangir,5130,764,4342,24,0,62,-8,70,0,
Odisha,Balasore,8465,724,7686,55,0,115,-36,148,3,
Karnataka,Ballari,33980,2708,30785,487,0,217,-142,357,2,
Uttar Pradesh,Ballia,6221,467,5668,86,0,35,-28,60,3,
Chhattisgarh,Balod,2998,702,2287,9,0,71,-4,75,0,
Chhattisgarh,Baloda Bazar,3765,345,3396,24,0,118,33,85,0,
Chhattisgarh,Balrampur,1334,330,1000,4,0,44,25,19,0,
Uttar Pradesh,Balrampur,1629,110,1494,25,0,7,-14,21,0,
Chhattisgarh,Bametara,1704,217,1467,20,0,22,-3,25,0,
Gujarat,Banaskantha,2317,63,2228,26,0,39,-8,46,1,
Uttar Pradesh,Banda,2309,286,1999,24,0,15,-19,34,0,
Jammu and Kashmir,Bandipora,3663,372,3250,41,0,17,-26,43,0,
Bihar,Banka,2758,252,2497,9,0,16,-7,23,0,
West Bengal,Bankura,6099,522,5512,65,0,76,14,60,2,
Rajasthan,Banswara,1331,135,1173,23,0,12,1,11,0,
Uttar Pradesh,Barabanki,6573,434,6068,71,0,38,-9,47,0,
Jammu and Kashmir,Baramulla,4811,1487,3197,127,0,50,39,10,1,
Rajasthan,Baran,1365,91,1249,25,0,5,-9,14,0,
Uttar Pradesh,Bareilly,11041,990,9904,147,0,71,-60,130,1,
Odisha,Bargarh,7257,866,6377,14,0,86,-22,107,1,
Rajasthan,Barmer,2957,155,2772,30,0,23,0,23,0,
Punjab,Barnala,1911,223,1641,47,0,6,-25,31,0,
Assam,Barpeta,1121,90,1024,7,0,0,0,0,0,
Madhya Pradesh,Barwani,1937,192,1724,21,0,8,-1,9,0,
Chhattisgarh,Bastar,4363,538,3803,22,0,167,43,124,0,
Uttar Pradesh,Basti,3948,394,3478,76,0,38,-30,67,1,
Punjab,Bathinda,6290,1123,5038,129,0,-8,-128,119,1,
Maharashtra,Beed,11617,2800,8487,330,0,0,0,0,0,
Bihar,Begusarai,6522,123,6374,25,0,6,-58,64,0,
Karnataka,Belagavi,21029,1703,19011,315,0,269,196,68,5,
Karnataka,Bengaluru,284134,64350,216391,3392,,,,,,
Madhya Pradesh,Betul,2065,384,1633,48,0,15,-13,27,1,
Uttar Pradesh,Bhadohi,1758,166,1577,15,0,5,-6,11,0,
Telangana,Bhadradri Kothagudem,4597,4593,4,0,0,65,65,0,0,District-wise numbers are out-dated as cumulative counts for each district are not reported in Telangana bulletin
Odisha,Bhadrak,5831,592,5220,19,0,66,-26,92,0,
Bihar,Bhagalpur,7703,308,7331,64,0,37,-12,47,2,
Maharashtra,Bhandara,6803,1800,4860,143,0,0,0,0,0,
Rajasthan,Bharatpur,4662,199,4379,84,0,25,5,20,0,
Gujarat,Bharuch,2462,259,2188,15,0,23,6,17,0,
Gujarat,Bhavnagar,4432,237,4128,67,0,18,-56,74,0,
Rajasthan,Bhilwara,5233,305,4902,26,0,85,-22,107,0,
Madhya Pradesh,Bhind,997,28,962,7,0,4,0,4,0,
Haryana,Bhiwani,3064,197,2827,40,0,37,-48,84,1,
Bihar,Bhojpur,4288,122,4133,33,0,18,2,16,0,
Madhya Pradesh,Bhopal,19338,1943,16975,420,0,188,-16,201,3,
Karnataka,Bidar,6652,386,6101,161,4,12,-10,20,2,
Chhattisgarh,Bijapur,2358,373,1979,6,0,66,1,65,0,
Uttar Pradesh,Bijnor,3228,260,2922,46,0,6,-10,16,0,
Rajasthan,Bikaner,8551,1051,7379,121,0,301,107,192,2,
Chhattisgarh,Bilaspur,8762,531,8150,81,0,140,-91,231,0,
Himachal Pradesh,Bilaspur,984,182,797,5,0,22,-2,23,1,
West Bengal,Birbhum,4501,566,3901,34,0,71,-18,88,1,
Manipur,Bishnupur,433,372,58,3,0,1,1,0,0,
Assam,Biswanath,467,88,379,0,0,0,0,0,0,
Jharkhand,Bokaro,4444,371,4039,34,0,48,-1,48,1,
Assam,Bongaigaon,1303,464,834,5,0,0,0,0,0,
Gujarat,Botad,778,111,662,5,0,1,1,0,0,
Odisha,Boudh,2114,230,1878,6,0,31,9,22,0,
Uttar Pradesh,Budaun,2889,139,2711,39,0,16,-8,24,0,
Jammu and Kashmir,Budgam,5300,742,4469,89,0,37,-24,61,0,
Uttar Pradesh,Bulandshahr,3994,477,3452,65,0,48,29,19,0,
Maharashtra,Buldhana,8798,2997,5669,132,0,0,0,0,0,
Rajasthan,Bundi,1290,98,1184,8,0,8,6,2,0,
Madhya Pradesh,Burhanpur,751,39,687,25,0,6,4,2,0,
Bihar,Buxar,3545,87,3446,12,0,9,-10,19,0,
Assam,Cachar,6216,4684,1498,34,0,0,0,0,0,
Karnataka,Chamarajanagara,4911,841,3975,84,11,72,-220,292,0,
Himachal Pradesh,Chamba,951,108,827,12,4,8,-2,10,0,One death of COVID-19 positive patient has occured due to non-covid reasons
Uttarakhand,Chamoli,1276,282,991,0,3,19,-9,28,0,
Uttarakhand,Champawat,928,229,688,5,6,12,-22,34,0,
Mizoram,Champhai,23,3,20,0,0,0,-1,1,0,
Uttar Pradesh,Chandauli,3427,198,3194,35,0,27,-10,37,0,
Manipur,Chandel,161,153,4,4,0,0,0,0,0,
Chandigarh,Chandigarh,12985,1292,11505,188,0,63,-100,161,2,
Maharashtra,Chandrapur,11971,3600,8213,158,0,0,0,0,0,
Arunachal Pradesh,Changlang,949,179,768,2,0,41,22,19,0,
Assam,Charaideo,113,2,105,6,0,0,0,0,0,
Haryana,Charkhi Dadri,702,166,532,4,0,9,-1,10,0,
Jharkhand,Chatra,1246,121,1117,8,0,5,5,0,0,
Tamil Nadu,Chengalpattu,38807,2481,35736,590,0,320,-128,442,6,
Tamil Nadu,Chennai,179424,13449,162605,3370,0,1316,166,1128,22,[July 22]: 444 backdated deceased entries added to Chennai in TN bulletin.
Madhya Pradesh,Chhatarpur,1343,88,1229,26,0,17,-4,21,0,
Madhya Pradesh,Chhindwara,1668,294,1343,31,0,26,-33,58,1,
Gujarat,Chhota Udaipur,543,81,460,2,0,4,1,3,0,
Karnataka,Chikkaballapura,8589,1349,7149,90,1,154,-135,285,4,
Karnataka,Chikkamangaluru,10161,1405,8628,128,0,129,-39,167,1,
Assam,Chirang,280,56,219,5,0,0,0,0,0,
Karnataka,Chitradurga,9260,2002,7220,38,0,418,217,201,0,
Uttar Pradesh,Chitrakoot,1405,110,1285,10,0,9,-7,16,0,
Andhra Pradesh,Chittoor,68903,6331,61876,696,0,757,-121,874,4,
Rajasthan,Chittorgarh,1941,216,1705,20,0,40,37,3,0,
Manipur,Churachandpur,710,645,58,7,0,4,4,0,0,
Rajasthan,Churu,2138,194,1927,17,0,38,-27,64,1,
Tamil Nadu,Coimbatore,36332,4746,31103,483,0,399,-18,413,4,
West Bengal,Cooch Behar,6598,792,5763,43,0,98,12,86,0,
Tamil Nadu,Cuddalore,21429,1230,19954,245,0,148,5,142,1,
Odisha,Cuttack,22766,2137,20543,86,0,234,-140,374,0,
Dadra and Nagar Haveli and Daman and Diu,Dadra and Nagar Haveli,1524,63,1455,1,5,0,0,0,0,
Gujarat,Dahod,1728,251,1471,6,0,5,5,0,0,
West Bengal,Dakshin Dinajpur,5824,430,5353,41,0,65,19,45,1,
Karnataka,Dakshina Kannada,25948,4496,20854,596,2,376,106,268,2,
Dadra and Nagar Haveli and Daman and Diu,Daman,1299,39,1239,1,20,0,0,0,0,
Madhya Pradesh,Damoh,1856,432,1383,41,0,5,-22,27,0,
Gujarat,Dang,109,4,105,0,0,1,1,0,0,
Chhattisgarh,Dantewada,3083,422,2652,9,0,70,-106,176,0,
Bihar,Darbhanga,3316,179,3117,20,0,9,-5,14,0,
West Bengal,Darjeeling,8747,821,7809,117,0,113,18,93,2,
Assam,Darrang,1967,219,1730,18,0,0,0,0,0,
Madhya Pradesh,Datia,1294,109,1166,19,0,16,1,15,0,
Rajasthan,Dausa,1183,81,1092,10,0,4,1,3,0,
Karnataka,Davanagere,17987,2157,15583,247,0,450,339,107,4,
Uttarakhand,Dehradun,14809,2089,12304,355,61,242,-352,581,13,
Delhi,Delhi,303655,21913,276046,5691,0,0,0,0,0,District-wise numbers are out-dated as cumulative counts for each district are not reported in bulletin
Odisha,Deogarh,794,133,660,1,0,15,4,11,0,
Jharkhand,Deoghar,2695,98,2582,15,0,7,-35,42,0,
Uttar Pradesh,Deoria,5870,280,5516,74,0,38,11,27,0,
Gujarat,Devbhumi Dwarka,627,144,478,5,0,9,9,0,0,
Madhya Pradesh,Dewas,1675,260,1392,23,0,16,-28,44,0,
Tripura,Dhalai,2985,437,2536,11,1,25,-36,61,0,
Chhattisgarh,Dhamtari,3082,354,2703,25,0,94,35,45,14,
Jharkhand,Dhanbad,5502,486,4948,68,0,41,-9,49,1,
Madhya Pradesh,Dhar,2437,168,2236,33,0,9,-41,50,0,
Tamil Nadu,Dharmapuri,4449,706,3708,35,0,67,-18,82,3,
Karnataka,Dharwad,18543,2616,15412,515,0,150,-14,161,3,
Assam,Dhemaji,765,319,440,6,0,0,0,0,0,
Odisha,Dhenkanal,4275,473,3792,10,0,45,-25,70,0,
Rajasthan,Dholpur,3139,92,3021,26,0,13,-10,23,0,
Assam,Dhubri,1723,497,1215,11,0,0,0,0,0,
Maharashtra,Dhule,13049,782,11928,337,2,0,0,0,0,
Assam,Dibrugarh,9486,7000,2409,77,0,0,0,0,0,
Assam,Dima Hasao,237,38,199,0,0,0,0,0,0,
Nagaland,Dimapur,3567,799,2724,9,35,133,60,73,0,
Tamil Nadu,Dindigul,9235,420,8642,173,0,39,19,18,2,
Madhya Pradesh,Dindori,558,82,476,0,0,7,3,4,0,
Dadra and Nagar Haveli and Daman and Diu,Diu,309,3,306,0,0,0,0,0,0,
Jammu and Kashmir,Doda,2378,791,1549,38,0,7,-38,45,0,
Jharkhand,Dumka,1142,191,943,8,0,3,-4,7,0,
Rajasthan,Dungarpur,2095,176,1902,17,0,0,-4,4,0,
Chhattisgarh,Durg,13323,2437,10736,150,0,225,-1,225,1,
Bihar,East Champaran,6997,474,6486,37,0,68,14,54,0,
Meghalaya,East Garo Hills,128,18,110,0,0,0,-2,2,0,
Andhra Pradesh,East Godavari,104636,8353,95722,561,0,738,-261,996,3,
Arunachal Pradesh,East Kameng,288,11,277,0,0,0,-1,1,0,
Meghalaya,East Khasi Hills,4895,1729,3110,56,0,93,59,33,1,
Arunachal Pradesh,East Siang,646,109,534,3,0,7,-6,13,0,
Sikkim,East Sikkim,1446,337,1106,3,0,0,0,0,0,
Jharkhand,East Singhbhum,15195,1685,13196,314,0,103,-54,156,1,
Kerala,Ernakulam,26132,12147,13894,83,8,911,449,458,4,
Tamil Nadu,Erode,7976,1063,6817,96,0,139,-10,149,0,
Uttar Pradesh,Etah,1868,231,1620,17,0,7,2,5,0,
Uttar Pradesh,Etawah,4348,402,3881,65,0,42,5,37,0,
Haryana,Faridabad,21187,925,20032,230,0,153,-12,165,0,
Punjab,Faridkot,2930,280,2599,51,0,16,16,0,0,
Uttar Pradesh,Farrukhabad,3464,805,2613,46,0,24,-59,82,1,
Haryana,Fatehabad,2531,265,2221,45,0,25,-16,41,0,
Punjab,Fatehgarh Sahib,2011,98,1818,95,0,8,-11,18,1,
Uttar Pradesh,Fatehpur,2577,434,2095,48,0,15,-58,73,0,
Punjab,Fazilka,2643,346,2255,42,0,32,-88,120,0,
Punjab,Ferozepur,3977,306,3562,109,0,1,-55,56,0,
Uttar Pradesh,Firozabad,2793,182,2553,58,0,7,-12,19,0,
Karnataka,Gadag,9810,590,9084,136,0,68,-17,84,1,
Maharashtra,Gadchiroli,3061,769,2275,17,0,0,0,0,0,
Odisha,Gajapati,3685,58,3603,24,0,8,-10,18,0,
Jammu and Kashmir,Ganderbal,3100,281,2789,30,0,25,16,9,0,
Gujarat,Gandhinagar,4060,725,3255,80,0,34,-14,48,0,
Rajasthan,Ganganagar,1999,251,1729,19,0,80,27,53,0,
Odisha,Ganjam,20550,189,20132,229,0,45,-3,48,0,
Jharkhand,Garhwa,2280,124,2147,9,0,26,19,7,0,
Chhattisgarh,Gariaband,1791,212,1562,17,0,38,-3,41,0,
Chhattisgarh,Gaurela Pendra Marwahi,385,36,348,1,0,7,5,2,0,
Uttar Pradesh,Gautam Buddha Nagar,14709,1579,13074,56,0,178,31,147,0,
Bihar,Gaya,6011,329,5637,45,0,43,-13,56,0,
Uttar Pradesh,Ghaziabad,15957,1654,14223,80,0,186,-9,195,0,
Uttar Pradesh,Ghazipur,4039,227,3757,55,0,28,8,20,0,
Gujarat,Gir Somnath,1533,163,1349,21,0,19,12,7,0,
Jharkhand,Giridih,3183,124,3048,11,0,10,0,10,0,
Goa,Goa,37391,4774,32127,490,0,0,0,0,0,District-wise numbers are out-dated as cumulative counts for each district are not reported in bulletin
Assam,Goalpara,658,38,568,4,0,0,0,0,0,
Jharkhand,Godda,1767,107,1653,7,0,37,21,16,0,
Assam,Golaghat,3803,2120,1656,27,0,0,0,0,0,
Tripura,Gomati,3355,576,2746,32,1,25,-17,42,0,
Uttar Pradesh,Gonda,4042,343,3652,47,0,22,-17,39,0,
Maharashtra,Gondia,7852,1163,6597,92,0,0,0,0,0,
Bihar,Gopalganj,4519,344,4172,3,0,26,-11,37,0,
Uttar Pradesh,Gorakhpur,16855,1495,15086,274,0,127,-310,433,4,
Jharkhand,Gumla,1782,226,1554,2,0,19,13,6,0,
Madhya Pradesh,Guna,818,93,710,15,0,6,1,5,0,
Andhra Pradesh,Guntur,58941,5014,53372,555,0,342,-48,389,1,
Punjab,Gurdaspur,6371,435,5765,171,0,4,-60,60,4,
Haryana,Gurugram,23036,2428,20425,183,0,261,29,230,2,
Madhya Pradesh,Gwalior,11168,779,10247,142,0,92,-36,127,1,
Assam,Hailakandi,1632,509,1116,7,0,0,0,0,0,
Himachal Pradesh,Hamirpur,996,162,827,7,0,3,0,3,0,
Uttar Pradesh,Hamirpur,1139,96,1024,19,0,6,-4,10,0,
Rajasthan,Hanumangarh,1140,198,934,8,0,38,32,5,1,
Uttar Pradesh,Hapur,2921,302,2567,52,0,19,3,16,0,
Madhya Pradesh,Harda,1079,192,871,16,0,35,18,16,1,
Uttar Pradesh,Hardoi,4859,388,4390,81,0,38,-11,49,0,
Uttarakhand,Haridwar,10170,1345,8677,107,41,50,-140,190,0,
Karnataka,Hassan,20503,4253,15924,326,0,489,33,456,0,
Uttar Pradesh,Hathras,1032,43,982,7,0,4,-4,8,0,
Karnataka,Haveri,9344,998,8176,170,0,75,-211,286,0,
Jharkhand,Hazaribagh,3756,378,3353,25,0,15,-62,77,0,
Maharashtra,Hingoli,3269,631,2573,65,0,0,0,0,0,
Haryana,Hisar,7187,946,6157,84,0,108,-16,122,2,
Mizoram,Hnahthial,5,0,5,0,0,0,0,0,0,
Assam,Hojai,1646,474,1160,12,0,0,0,0,0,
West Bengal,Hooghly,14283,1412,12617,254,0,173,24,144,5,
Madhya Pradesh,Hoshangabad,2089,327,1721,41,0,25,-85,110,0,
Punjab,Hoshiarpur,5002,517,4306,179,0,59,-21,80,0,
West Bengal,Howrah,20123,1449,18062,612,0,242,82,154,6,
Telangana,Hyderabad,63568,63240,305,23,0,285,285,0,0,District-wise numbers are out-dated as cumulative counts for each district are not reported in Telangana bulletin
Kerala,Idukki,4781,1355,3419,5,2,153,55,98,0,
Manipur,Imphal East,1970,1936,16,18,0,59,59,0,0,
Manipur,Imphal West,3450,3376,52,22,0,24,23,0,1,
Madhya Pradesh,Indore,28199,4150,23428,621,0,441,-251,686,6,
Madhya Pradesh,Jabalpur,11109,983,9951,175,0,114,-7,117,4,
Odisha,Jagatsinghpur,5932,587,5332,13,0,65,-25,90,0,
Telangana,Jagtial,3984,3982,2,0,0,37,37,0,0,District-wise numbers are out-dated as cumulative counts for each district are not reported in Telangana bulletin
Rajasthan,Jaipur,25393,9231,15829,333,0,399,-10,407,2,
Rajasthan,Jaisalmer,979,167,801,11,0,15,13,2,0,
Odisha,Jajpur,9332,1073,8246,13,0,118,12,106,0,
Punjab,Jalandhar,13912,1072,12411,429,0,103,-29,128,4,
Uttar Pradesh,Jalaun,2462,218,2214,30,0,16,-15,31,0,
Maharashtra,Jalgaon,50296,5098,43910,1288,0,0,0,0,0,
Maharashtra,Jalna,8196,1404,6566,226,0,0,0,0,0,
Rajasthan,Jalore,2772,216,2528,28,0,56,50,5,1,
West Bengal,Jalpaiguri,6781,715,6001,65,0,67,-6,73,0,
Jammu and Kashmir,Jammu,15051,1504,13328,219,0,101,-106,200,7,
Gujarat,Jamnagar,6910,361,6514,35,0,95,-9,104,0,
Jharkhand,Jamtara,879,99,778,2,0,16,1,15,0,
Bihar,Jamui,2532,244,2282,6,0,20,-11,31,0,
Telangana,Jangaon,2511,2510,1,0,0,25,25,0,0,District-wise numbers are out-dated as cumulative counts for each district are not reported in Telangana bulletin
Chhattisgarh,Janjgir Champa,6761,1973,4747,41,0,277,123,152,2,
Chhattisgarh,Jashpur,1327,311,1012,4,0,27,21,6,0,
Uttar Pradesh,Jaunpur,5310,342,4895,73,0,22,-13,33,2,
Telangana,Jayashankar Bhupalapally,1492,1492,0,0,0,18,18,0,0,District-wise numbers are out-dated as cumulative counts for each district are not reported in Telangana bulletin
Bihar,Jehanabad,3180,200,2971,9,0,13,-3,16,0,
Madhya Pradesh,Jhabua,1561,209,1338,14,0,25,-19,44,0,
Haryana,Jhajjar,2774,240,2504,30,0,38,3,33,2,
Rajasthan,Jhalawar,2513,112,2390,11,0,5,-1,6,0,
Uttar Pradesh,Jhansi,7703,549,6991,163,0,77,7,70,0,
West Bengal,Jhargram,1026,212,804,10,0,24,6,18,0,
Odisha,Jharsuguda,5202,479,4720,3,0,77,-9,86,0,
Rajasthan,Jhunjhunu,2024,219,1789,16,0,13,-45,57,1,
Haryana,Jind,2347,255,2050,42,0,27,27,0,0,
Manipur,Jiribam,181,179,2,0,0,4,4,0,0,
Rajasthan,Jodhpur,23281,5241,17887,153,0,393,94,298,1,
Telangana,Jogulamba Gadwal,2709,2683,25,1,0,24,24,0,0,District-wise numbers are out-dated as cumulative counts for each district are not reported in Telangana bulletin
Assam,Jorhat,8771,6984,1752,35,0,100,100,0,0,
Gujarat,Junagadh,3097,342,2722,33,0,37,-13,50,0,
Chhattisgarh,Kabeerdham,2529,349,2165,15,0,62,21,41,0,
Bihar,Kaimur,1722,48,1665,9,0,16,-4,20,0,
Haryana,Kaithal,2614,216,2357,41,0,8,-19,27,0,
Manipur,Kakching,330,301,27,2,0,5,4,0,1,
Karnataka,Kalaburagi,18326,1980,16056,290,0,144,-213,357,0,
Odisha,Kalahandi,3884,664,3206,14,0,45,-28,72,1,
West Bengal,Kalimpong,1120,148,964,8,0,29,13,15,1,
Tamil Nadu,Kallakurichi,9593,343,9151,99,0,46,-1,47,0,
Telangana,Kamareddy,4203,4195,8,0,0,41,41,0,0,District-wise numbers are out-dated as cumulative counts for each district are not reported in Telangana bulletin
Manipur,Kamjong,173,156,17,0,0,0,0,0,0,
Arunachal Pradesh,Kamle,15,11,4,0,0,0,0,0,0,
Assam,Kamrup,4590,2491,2074,25,0,0,0,0,0,
Assam,Kamrup Metropolitan,45205,30503,14599,103,0,252,252,0,0,
Tamil Nadu,Kancheepuram,23246,867,22036,343,0,126,-13,137,2,
Odisha,Kandhamal,5006,351,4630,25,0,34,-38,71,1,
Manipur,Kangpokpi,398,375,19,4,0,2,2,0,0,
Himachal Pradesh,Kangra,2563,319,2190,54,0,34,-47,81,0,Death of Tibetan refugee on March 22 included in Kangra district's tally
Uttar Pradesh,Kannauj,2619,166,2418,35,0,26,9,17,0,
Kerala,Kannur,15944,5834,10047,60,3,556,64,492,0,
Uttar Pradesh,Kanpur Dehat,1770,328,1416,26,0,3,-5,7,1,
Uttar Pradesh,Kanpur Nagar,26452,2893,22860,699,0,114,-10,120,4,
Tamil Nadu,Kanyakumari,13600,821,12549,230,0,96,-7,103,0,
Punjab,Kapurthala,3723,376,3193,154,0,39,-43,79,3,
Puducherry,Karaikal,2989,594,2346,49,0,53,46,7,0,"2 case of TN has been transferred,so has been reduced from the total count."
Rajasthan,Karauli,1019,165,841,13,0,14,8,6,0,
Assam,Karbi Anglong,632,71,552,9,0,0,0,0,0,
Ladakh,Kargil,1738,274,1427,37,0,0,0,0,0,
Assam,Karimganj,1200,219,955,26,0,0,0,0,0,
Telangana,Karimnagar,9408,9392,16,0,0,97,97,0,0,District-wise numbers are out-dated as cumulative counts for each district are not reported in Telangana bulletin
Haryana,Karnal,7788,609,7068,111,0,43,-5,48,0,
Tamil Nadu,Karur,3467,409,3017,41,0,34,3,31,0,
Kerala,Kasaragod,13925,4259,9600,62,4,366,-84,449,1,
Uttar Pradesh,Kasganj,1407,172,1232,3,0,6,4,2,0,
Jammu and Kashmir,Kathua,2240,141,2070,29,0,22,2,19,1,
Bihar,Katihar,5968,321,5636,11,0,70,33,37,0,
Madhya Pradesh,Katni,1381,128,1238,15,0,19,0,19,0,
Uttar Pradesh,Kaushambi,1638,136,1480,22,0,13,-7,20,0,
Odisha,Kendrapara,6069,1044,5011,14,0,69,-29,98,0,
Odisha,Kendujhar,5057,518,4525,14,0,75,-41,116,0,
Bihar,Khagaria,2761,84,2667,10,0,3,-11,14,0,
Telangana,Khammam,6627,6624,3,0,0,72,72,0,0,District-wise numbers are out-dated as cumulative counts for each district are not reported in Telangana bulletin
Madhya Pradesh,Khandwa,1634,95,1500,39,0,11,2,8,1,
Madhya Pradesh,Khargone,3554,244,3258,52,0,28,-6,32,2,
Mizoram,Khawzawl,4,0,4,0,0,0,0,0,0,
Gujarat,Kheda,1371,73,1283,15,0,11,0,11,0,
Odisha,Khordha,42762,4711,37878,173,0,482,-124,602,4,
Tripura,Khowai,1687,107,1553,27,0,6,-19,24,1,
Jharkhand,Khunti,1716,258,1454,4,0,35,3,32,0,
Himachal Pradesh,Kinnaur,207,21,183,3,0,0,-1,0,1,
Nagaland,Kiphire,16,0,16,0,0,0,0,0,0,
Bihar,Kishanganj,3270,185,3075,10,0,30,-5,35,0,
Jammu and Kashmir,Kishtwar,1486,223,1252,11,0,15,-37,52,0,
Karnataka,Kodagu,3376,515,2814,47,0,31,-169,199,1,
Jharkhand,Koderma,3113,171,2917,25,0,4,-10,14,0,
Nagaland,Kohima,2093,279,1805,1,8,15,5,10,0,
Assam,Kokrajhar,408,44,353,11,0,0,0,0,0,
Karnataka,Kolar,6815,1435,5273,107,0,156,1,151,4,
Mizoram,Kolasib,229,13,216,0,0,0,-1,1,0,
Maharashtra,Kolhapur,45350,4669,39248,1433,0,0,0,0,0,
West Bengal,Kolkata,62903,6371,54691,1841,0,772,113,646,13,
Kerala,Kollam,20295,8096,12121,74,4,714,-674,1384,4,
Telangana,Komaram Bheem,1037,1035,2,0,0,10,10,0,0,District-wise numbers are out-dated as cumulative counts for each district are not reported in Telangana bulletin
Chhattisgarh,Kondagaon,1802,524,1267,11,0,78,62,15,1,
Karnataka,Koppal,12300,1124,10930,246,0,65,-94,159,0,
Odisha,Koraput,6558,421,6125,12,0,45,-7,52,0,
Chhattisgarh,Korba,4612,1208,3397,7,0,244,114,130,0,
Chhattisgarh,Koriya,1945,335,1599,11,0,43,-65,108,0,
Rajasthan,Kota,9544,739,8699,106,0,86,-54,139,1,
Kerala,Kottayam,14329,5003,9297,29,0,522,69,452,1,
Kerala,Kozhikode,27988,10587,17309,86,6,1205,369,835,1,
Arunachal Pradesh,Kra Daadi,31,24,7,0,0,1,1,0,0,
Andhra Pradesh,Krishna,31020,2777,27756,487,0,310,30,277,3,
Tamil Nadu,Krishnagiri,5304,746,4482,76,0,86,-5,90,1,
Jammu and Kashmir,Kulgam,2324,82,2199,43,0,7,-4,11,0,
Himachal Pradesh,Kullu,835,283,536,14,2,32,-9,40,1,
Jammu and Kashmir,Kupwara,3841,625,3146,70,0,14,-18,32,0,
Andhra Pradesh,Kurnool,57811,1647,55689,475,0,211,-5,215,1,
Haryana,Kurukshetra,5987,438,5454,95,0,26,-15,41,0,
Arunachal Pradesh,Kurung Kumey,95,22,73,0,0,2,-2,4,0,
Uttar Pradesh,Kushinagar,5013,364,4600,49,0,32,13,19,0,
Gujarat,Kutch,2348,632,1683,33,0,29,-136,165,0,
Himachal Pradesh,Lahaul and Spiti,184,28,155,1,0,4,-6,9,1,
Assam,Lakhimpur,3006,1853,1135,18,0,0,0,0,0,
Uttar Pradesh,Lakhimpur Kheri,5925,775,5092,58,0,6,-95,101,0,
Bihar,Lakhisarai,2922,197,2717,8,0,35,16,19,0,
Lakshadweep,Lakshadweep,0,0,0,0,0,0,0,0,0,
Uttar Pradesh,Lalitpur,2649,345,2262,42,0,7,0,7,0,
Jharkhand,Latehar,1589,182,1402,5,0,6,-61,67,0,
Maharashtra,Latur,18865,3835,14495,535,0,0,0,0,0,
Mizoram,Lawngtlai,79,38,41,0,0,0,0,0,0,
Ladakh,Leh,3164,1015,2123,26,0,0,0,0,0,
Arunachal Pradesh,Lepa Rada,135,38,97,0,0,0,0,0,0,
Jharkhand,Lohardaga,1375,259,1108,8,0,12,-52,64,0,
Arunachal Pradesh,Lohit,335,83,252,0,0,19,8,11,0,
Arunachal Pradesh,Longding,192,27,165,0,0,3,2,1,0,
Nagaland,Longleng,14,2,6,0,6,1,1,0,0,
Arunachal Pradesh,Lower Siang,262,33,229,0,0,1,-5,6,0,
Arunachal Pradesh,Lower Subansiri,247,47,199,1,0,4,0,4,0,
Uttar Pradesh,Lucknow,57069,5368,50937,764,0,413,-121,525,9,
Punjab,Ludhiana,19040,590,17659,791,0,98,-7,104,1,
Mizoram,Lunglei,262,72,190,0,0,0,-2,2,0,
Bihar,Madhepura,3645,354,3282,9,0,36,-16,52,0,
Bihar,Madhubani,6469,326,6125,18,0,15,-5,20,0,
Tamil Nadu,Madurai,17310,750,16164,396,0,96,36,59,1,
Telangana,Mahabubabad,3964,3963,1,0,0,40,40,0,0,District-wise numbers are out-dated as cumulative counts for each district are not reported in Telangana bulletin
Telangana,Mahabubnagar,3463,3455,8,0,0,31,31,0,0,District-wise numbers are out-dated as cumulative counts for each district are not reported in Telangana bulletin
Uttar Pradesh,Maharajganj,4960,348,4534,78,0,25,-8,32,1,
Chhattisgarh,Mahasamund,2972,605,2335,32,0,90,67,23,0,
Puducherry,Mahe,546,239,303,4,0,23,7,16,0,"1 case of KL have been transferred,so have been reduced from the total count"
Haryana,Mahendragarh,3797,386,3404,7,0,30,0,30,0,
Gujarat,Mahisagar,1093,97,991,5,0,9,9,0,0,
Uttar Pradesh,Mahoba,922,88,825,9,0,4,-1,5,0,
Uttar Pradesh,Mainpuri,2861,180,2632,49,0,9,-1,9,1,
Assam,Majuli,165,81,80,4,0,0,0,0,0,
Kerala,Malappuram,31300,8141,23058,94,7,1174,261,909,4,
West Bengal,Malda,7585,759,6769,57,0,120,31,88,1,
Odisha,Malkangiri,4064,372,3676,16,0,40,1,38,1,
Mizoram,Mamit,51,12,39,0,0,4,4,0,0,
Telangana,Mancherial,3468,3467,0,1,0,23,23,0,0,District-wise numbers are out-dated as cumulative counts for each district are not reported in Telangana bulletin
Himachal Pradesh,Mandi,2028,623,1377,28,0,28,28,0,0,
Madhya Pradesh,Mandla,830,116,707,7,0,23,12,11,0,
Madhya Pradesh,Mandsaur,1623,114,1492,17,0,10,-2,12,0,
Karnataka,Mandya,13094,1755,11221,118,0,250,1,248,1,
Punjab,Mansa,1742,209,1500,33,0,23,13,10,0,
Uttar Pradesh,Mathura,4315,449,3773,93,0,38,-10,48,0,
Uttar Pradesh,Mau,2547,214,2302,31,0,16,-2,17,1,
Odisha,Mayurbhanj,9162,1195,7934,33,0,134,2,130,2,
Telangana,Medak,2463,2459,4,0,0,29,29,0,0,District-wise numbers are out-dated as cumulative counts for each district are not reported in Telangana bulletin
Telangana,Medchal Malkajgiri,12623,12613,9,1,0,195,195,0,0,District-wise numbers are out-dated as cumulative counts for each district are not reported in Telangana bulletin
Uttar Pradesh,Meerut,11191,1784,9135,272,0,150,-100,243,7,
Gujarat,Mehsana,3119,855,2234,30,0,38,8,30,0,
Jammu and Kashmir,Mirpur,0,0,0,0,0,0,0,0,0,
Uttar Pradesh,Mirzapur,2580,184,2370,26,0,45,29,16,0,
Punjab,Moga,2377,251,2050,76,0,26,-24,50,0,
Nagaland,Mokokchung,56,12,44,0,0,1,1,0,0,
Nagaland,Mon,422,82,331,2,7,1,1,0,0,
Uttar Pradesh,Moradabad,9178,1035,7993,150,0,91,-51,142,0,
Gujarat,Morbi,1823,217,1590,16,0,13,-7,20,0,
Madhya Pradesh,Morena,2667,98,2546,23,0,10,10,0,0,
Assam,Morigaon,638,74,557,7,0,0,0,0,0,
Telangana,Mulugu,1594,1592,2,0,0,31,31,0,0,District-wise numbers are out-dated as cumulative counts for each district are not reported in Telangana bulletin
Maharashtra,Mumbai,222784,26383,186675,9296,430,0,0,0,0,"[Sep 9]After reconciling COVID-19 cases in Mumbai, owing to the removal of duplicates and change of addresses as per the original residence, 239 cases have been removed from the progressive figures."
Chhattisgarh,Mungeli,1919,384,1529,6,0,46,-23,69,0,
Bihar,Munger,3181,225,2919,37,0,17,-9,25,1,
West Bengal,Murshidabad,6712,783,5852,77,0,66,-29,91,4,
Jammu and Kashmir,Muzaffarabad,0,0,0,0,0,0,0,0,0,
Uttar Pradesh,Muzaffarnagar,5256,517,4663,76,0,35,-38,73,0,
Bihar,Muzaffarpur,8762,513,8217,32,0,71,22,49,0,
Karnataka,Mysuru,41058,7467,32729,862,0,826,344,472,10,
Odisha,Nabarangapur,4263,560,3694,9,0,51,1,50,0,
West Bengal,Nadia,8476,1081,7292,103,0,140,27,113,0,
Assam,Nagaon,4515,1993,2506,16,0,0,0,0,0,
Tamil Nadu,Nagapattinam,5716,490,5139,87,0,55,6,49,0,
Telangana,Nagarkurnool,2831,2829,2,0,0,24,24,0,0,District-wise numbers are out-dated as cumulative counts for each district are not reported in Telangana bulletin
Rajasthan,Nagaur,3962,162,3751,49,0,79,78,1,0,
Maharashtra,Nagpur,84931,10629,72020,2272,10,0,0,0,0,District administration provides number of persons tested instead of the number of samples tested.
Uttarakhand,Nainital,6372,730,5486,126,30,73,32,41,0,
Bihar,Nalanda,6329,307,5980,42,0,34,-14,48,0,
Assam,Nalbari,948,106,828,14,0,0,0,0,0,
Telangana,Nalgonda,8293,8281,12,0,0,128,128,0,0,District-wise numbers are out-dated as cumulative counts for each district are not reported in Telangana bulletin
Tamil Nadu,Namakkal,6818,1050,5682,86,0,149,15,134,0,
Arunachal Pradesh,Namsai,280,48,230,2,0,3,0,3,0,
Maharashtra,Nanded,17305,3606,13247,452,0,0,0,0,0,Number of active cases differs in the state bulletin and district bulletin. We follow the state bulletin.
Maharashtra,Nandurbar,5749,704,4918,127,0,0,0,0,0,
Telangana,Narayanpet,857,856,0,1,0,13,13,0,0,District-wise numbers are out-dated as cumulative counts for each district are not reported in Telangana bulletin
Chhattisgarh,Narayanpur,1510,227,1282,1,0,15,-3,18,0,
Gujarat,Narmada,1033,90,942,1,0,13,7,6,0,
Madhya Pradesh,Narsinghpur,2751,211,2519,21,0,22,-14,35,1,
Maharashtra,Nashik,83616,13820,68384,1412,0,0,0,0,0,Number of active cases differs in the state bulletin and district bulletin. We follow the state bulletin.
Gujarat,Navsari,1250,65,1178,7,0,6,-7,13,0,
Bihar,Nawada,2925,316,2593,16,0,18,3,15,0,
Odisha,Nayagarh,5271,421,4813,37,0,38,-37,74,1,
Madhya Pradesh,Neemuch,2117,200,1885,32,0,2,-7,9,0,
Tamil Nadu,Nilgiris,5141,826,4286,29,0,109,13,96,0,
Telangana,Nirmal,1709,1696,13,0,0,22,22,0,0,District-wise numbers are out-dated as cumulative counts for each district are not reported in Telangana bulletin
Madhya Pradesh,Niwari,362,23,338,1,0,9,4,5,0,
Telangana,Nizamabad,6318,6288,30,0,0,46,46,0,0,District-wise numbers are out-dated as cumulative counts for each district are not reported in Telangana bulletin
Manipur,Noney,223,205,18,0,0,3,3,0,0,
West Bengal,North 24 Parganas,57832,6300,50297,1235,0,751,65,673,13,
Meghalaya,North Garo Hills,73,25,48,0,0,4,4,0,0,
Sikkim,North Sikkim,1,0,1,0,0,0,0,0,0,
Tripura,North Tripura,2396,574,1801,14,7,18,-20,38,0,
Odisha,Nuapada,4043,778,3264,1,0,153,76,77,0,
Haryana,Nuh,1189,65,1100,24,0,0,-13,13,0,
Maharashtra,Osmanabad,13716,2956,10351,409,0,0,0,0,0,
Arunachal Pradesh,Pakke Kessang,88,21,67,0,0,6,5,1,0,
Jharkhand,Pakur,799,86,711,2,0,1,-7,8,0,
Kerala,Palakkad,16409,6301,10068,39,1,672,357,315,0,
Jharkhand,Palamu,2855,95,2748,12,0,7,-15,22,0,
Maharashtra,Palghar,39144,6612,31601,931,0,0,0,0,0,
Rajasthan,Pali,6276,194,6012,70,0,48,37,10,1,
Haryana,Palwal,2852,98,2735,19,0,35,1,34,0,
Haryana,Panchkula,6492,483,5909,100,0,41,-24,65,0,
Gujarat,Panchmahal,2505,305,2181,19,0,23,5,18,0,
Haryana,Panipat,7627,413,7118,96,0,50,25,22,3,
Madhya Pradesh,Panna,740,75,662,3,0,0,-7,7,0,
Arunachal Pradesh,Papum Pare,5169,1491,3667,11,0,107,43,63,1,
Maharashtra,Parbhani,5963,1468,4268,227,0,0,0,0,0,
West Bengal,Paschim Medinipur,10792,942,9684,166,0,101,-40,135,6,
Gujarat,Patan,2059,230,1787,42,0,20,1,19,0,
Kerala,Pathanamthitta,10251,3014,7230,6,1,290,68,222,0,
Punjab,Pathankot,3987,328,3566,93,0,34,-14,43,5,
Punjab,Patiala,12072,700,11023,349,0,49,-73,120,2,
Bihar,Patna,30180,2313,27641,226,0,237,-33,268,2,
Uttarakhand,Pauri Garhwal,2232,405,1782,22,23,66,-84,149,1,
Telangana,Peddapalli,4007,4006,1,0,0,36,36,0,0,District-wise numbers are out-dated as cumulative counts for each district are not reported in Telangana bulletin
Tamil Nadu,Perambalur,1961,93,1848,20,0,10,-4,14,0,
Nagaland,Peren,363,12,351,0,0,1,1,0,0,
Nagaland,Phek,37,1,36,0,0,0,0,0,0,
Manipur,Pherzawl,33,18,15,0,0,0,0,0,0,
Uttar Pradesh,Pilibhit,3567,119,3377,71,0,5,-24,27,2,
Uttarakhand,Pithoragarh,1217,237,975,5,0,20,13,7,0,
Gujarat,Porbandar,506,32,470,4,0,1,1,0,0,
Andhra Pradesh,Prakasam,53488,4447,48524,517,0,486,-147,628,5,
Rajasthan,Pratapgarh,848,69,765,14,0,2,-15,16,1,
Uttar Pradesh,Pratapgarh,3910,284,3581,45,0,26,-17,43,0,
Uttar Pradesh,Prayagraj,20834,1799,18740,295,0,158,-61,217,2,
Puducherry,Puducherry,25596,3836,21297,463,0,281,32,247,2,"209 cases(204 of TN, 1 of AP and 4 other) have been transferred,so have been reduced from the total count.[July 18]4 cases have transferred to TN and have been reduced from recovered cases."
Tamil Nadu,Pudukkottai,9781,601,9034,146,0,70,-18,88,0,
Jammu and Kashmir,Pulwama,4192,324,3796,72,0,23,-28,51,0,
Jammu and Kashmir,Punch,1967,764,1183,20,0,10,-62,70,2,
Maharashtra,Pune,310446,57164,247147,6134,1,0,0,0,0,Number of active cases differs in the state bulletin and district bulletin. We follow the state bulletin.
West Bengal,Purba Medinipur,11974,1172,10657,145,0,103,-39,141,1,
Odisha,Puri,11127,1122,9935,70,0,64,-227,289,2,
Bihar,Purnia,6979,363,6607,9,0,52,-3,55,0,
West Bengal,Puruliya,3975,444,3507,24,0,28,-30,58,0,
Uttar Pradesh,Rae Bareli,3193,541,2565,87,0,56,41,15,0,
Karnataka,Raichur,12404,1142,11121,141,0,73,-80,152,1,
Maharashtra,Raigad,54603,6851,46426,1324,2,0,0,0,0,Number of active cases differs in the state bulletin and district bulletin. We follow the state bulletin.
Chhattisgarh,Raigarh,8684,1807,6794,83,0,229,-16,239,6,
Chhattisgarh,Raipur,36877,9528,26866,483,0,336,6,320,10,
Madhya Pradesh,Raisen,1450,208,1213,29,0,37,20,16,1c,
Telangana,Rajanna Sircilla,3498,3496,2,0,0,42,42,0,0,District-wise numbers are out-dated as cumulative counts for each district are not reported in Telangana bulletin
Madhya Pradesh,Rajgarh,1450,201,1222,27,0,30,18,12,0,
Gujarat,Rajkot,10545,1232,9166,147,0,132,19,112,1,
Chhattisgarh,Rajnandgaon,9117,1602,7467,48,0,194,68,124,2,
Jammu and Kashmir,Rajouri,2952,541,2370,41,0,31,14,15,2,
Rajasthan,Rajsamand,2087,171,1892,24,0,22,-8,30,0,
Karnataka,Ramanagara,6103,908,5139,56,0,125,29,96,0,
Tamil Nadu,Ramanathapuram,5700,155,5422,123,0,22,-1,20,3,
Jammu and Kashmir,Ramban,1438,124,1303,11,0,8,8,0,0,
Jharkhand,Ramgarh,3682,160,3500,22,0,10,-2,12,0,
Uttar Pradesh,Rampur,4829,197,4586,46,0,10,-9,18,1,
Jharkhand,Ranchi,21975,2749,19083,143,0,314,-67,378,3,
Telangana,Ranga Reddy,17371,17352,17,2,0,175,175,0,0,District-wise numbers are out-dated as cumulative counts for each district are not reported in Telangana bulletin
Tamil Nadu,Ranipet,13963,324,13469,170,0,57,-21,75,3,
Madhya Pradesh,Ratlam,2168,192,1931,45,0,19,-10,29,0,
Maharashtra,Ratnagiri,9053,1887,6863,303,0,0,0,0,0,
Odisha,Rayagada,7707,207,7461,39,0,3,1,2,0,
Jammu and Kashmir,Reasi,1115,161,948,6,0,17,-33,50,0,
Madhya Pradesh,Rewa,1931,243,1660,28,0,46,16,30,0,
Haryana,Rewari,6225,505,5687,33,0,56,19,37,0,
Meghalaya,Ribhoi,672,297,374,1,0,10,5,5,0,
Haryana,Rohtak,6511,710,5731,70,0,75,19,55,1,
Bihar,Rohtas,5835,289,5510,36,0,23,-10,33,0,
Uttarakhand,Rudraprayag,874,233,638,2,1,70,58,12,0,
Punjab,Rupnagar,2261,320,1851,90,0,2,-68,70,0,
Punjab,S.A.S. Nagar,11195,1181,9818,196,0,77,74,0,3,
Andhra Pradesh,S.P.S. Nellore,56068,1977,53623,468,0,310,-152,459,3,
Gujarat,Sabarkantha,1237,234,992,11,0,25,-38,63,0,
Madhya Pradesh,Sagar,2762,462,2186,114,0,27,-22,48,1,
Uttar Pradesh,Saharanpur,7358,748,6500,110,0,42,-23,65,0,
Bihar,Saharsa,5100,228,4865,7,0,23,-28,51,0,
Jharkhand,Sahibganj,1383,60,1314,9,0,5,-38,43,0,
Mizoram,Saiha,31,0,31,0,0,0,0,0,0,
Mizoram,Saitual,13,2,11,0,0,0,0,0,0,
Tamil Nadu,Salem,22706,2237,20101,368,0,298,-69,364,3,
Bihar,Samastipur,4348,237,4082,29,0,24,1,23,0,
Jammu and Kashmir,Samba,1952,435,1493,24,0,26,-36,62,0,
Odisha,Sambalpur,6971,992,5955,24,0,107,-23,130,0,
Uttar Pradesh,Sambhal,2399,215,2145,39,0,9,0,9,0,
Telangana,Sangareddy,5608,5602,6,0,0,47,47,0,0,District-wise numbers are out-dated as cumulative counts for each district are not reported in Telangana bulletin
Maharashtra,Sangli,42042,7353,33397,1292,0,0,0,0,0,
Punjab,Sangrur,3710,136,3419,155,0,10,-34,44,0,
Uttar Pradesh,Sant Kabir Nagar,2749,173,2537,39,0,19,-13,32,0,
Jharkhand,Saraikela-Kharsawan,3213,359,2845,9,0,19,-6,25,0,
Bihar,Saran,5703,235,5435,33,0,25,-3,28,0,
Maharashtra,Satara,41400,8002,32196,1200,2,0,0,0,0,
Madhya Pradesh,Satna,1722,136,1553,33,0,23,-15,37,1,
Rajasthan,Sawai Madhopur,973,98,855,20,0,0,-8,8,0,
Madhya Pradesh,Sehore,1732,258,1432,42,0,15,-14,29,0,
Manipur,Senapati,319,298,21,0,0,4,4,0,0,
Madhya Pradesh,Seoni,1085,105,973,7,0,5,-28,33,0,
Mizoram,Serchhip,63,5,58,0,0,0,-10,10,0,
Madhya Pradesh,Shahdol,2147,232,1891,24,0,21,-5,26,0,
Punjab,Shahid Bhagat Singh Nagar,1768,141,1571,56,0,14,-20,34,0,
Uttar Pradesh,Shahjahanpur,5933,385,5465,83,0,41,7,34,0,
Madhya Pradesh,Shajapur,1005,107,883,15,0,7,-7,14,0,
Uttar Pradesh,Shamli,2554,244,2289,21,0,19,3,16,0,
Bihar,Sheikhpura,2479,140,2332,7,0,6,-6,12,0,
Bihar,Sheohar,1134,65,1068,1,0,5,1,4,0,
Madhya Pradesh,Sheopur,922,93,823,6,0,11,-3,13,1,
Himachal Pradesh,Shimla,1592,367,1163,52,10,39,9,28,2,One death of COVID-19 positive patient has occured due to non-covid reasons
Karnataka,Shivamogga,18391,2744,15332,315,0,140,-127,264,3,
Madhya Pradesh,Shivpuri,2405,316,2065,24,0,34,24,10,0,
Jammu and Kashmir,Shopiyan,2085,132,1921,32,0,6,-19,25,0,
Uttar Pradesh,Shrawasti,1042,78,952,12,0,3,-5,8,0,
Arunachal Pradesh,Siang,57,11,46,0,0,3,3,0,0,
Uttar Pradesh,Siddharthnagar,3357,312,3005,40,0,32,1,28,3,
Telangana,Siddipet,5522,5521,1,0,0,64,64,0,0,District-wise numbers are out-dated as cumulative counts for each district are not reported in Telangana bulletin
Madhya Pradesh,Sidhi,1030,196,826,8,0,19,5,14,0,
Rajasthan,Sikar,4606,226,4340,40,0,42,-21,62,1,
Jharkhand,Simdega,1713,137,1572,4,0,6,-9,15,0,
Maharashtra,Sindhudurg,4350,1037,3202,111,0,0,0,0,0,
Madhya Pradesh,Singrauli,1019,211,786,22,0,8,-11,18,1,
Tripura,Sipahijala,2625,110,2490,25,0,12,1,10,1,
Himachal Pradesh,Sirmaur,1962,155,1791,16,0,10,-14,23,1,
Rajasthan,Sirohi,2184,56,2105,23,0,15,11,4,0,
Haryana,Sirsa,4236,457,3709,70,0,75,15,60,0,
Bihar,Sitamarhi,3518,57,3450,11,0,20,7,13,0,
Uttar Pradesh,Sitapur,3796,316,3430,50,0,42,10,31,1,
Tamil Nadu,Sivaganga,5434,201,5111,122,0,26,0,26,0,
Assam,Sivasagar,529,32,473,24,0,0,0,0,0,
Bihar,Siwan,3854,258,3577,19,0,10,-13,23,0,
Himachal Pradesh,Solan,3277,424,2818,34,1,12,-32,44,0,
Maharashtra,Solapur,38982,5199,32556,1226,1,0,0,0,0,
Uttar Pradesh,Sonbhadra,3126,425,2663,38,0,28,-80,108,0,
Haryana,Sonipat,8801,416,8337,48,0,89,41,48,0,
Assam,Sonitpur,2548,814,1727,7,0,0,0,0,0,
West Bengal,South 24 Parganas,19302,1886,17057,359,0,219,113,103,3,
Meghalaya,South Garo Hills,69,31,38,0,0,5,5,0,0,
Assam,South Salmara Mankachar,51,4,47,0,0,0,0,0,0,
Sikkim,South Sikkim,475,402,73,0,0,0,0,0,0,
Tripura,South Tripura,2768,559,2189,17,3,23,-50,72,1,
Meghalaya,South West Garo Hills,81,39,41,1,0,0,-2,2,0,
Meghalaya,South West Khasi Hills,31,23,8,0,0,0,0,0,0,
Punjab,Sri Muktsar Sahib,2677,422,2203,52,0,22,-22,41,3,
Andhra Pradesh,Srikakulam,41323,2017,38978,328,0,139,-238,376,1,
Jammu and Kashmir,Srinagar,16331,1779,14240,312,0,167,3,162,2,
Odisha,Subarnapur,3545,507,3028,10,0,69,20,48,1,
Chhattisgarh,Sukma,2222,413,1804,5,0,38,19,19,0,
Uttar Pradesh,Sultanpur,3466,308,3101,57,0,37,7,30,0,
Odisha,Sundargarh,8373,838,7487,48,0,120,54,66,0,
Bihar,Supaul,4473,275,4189,9,0,26,-39,65,0,
Chhattisgarh,Surajpur,2118,416,1690,12,0,49,-27,76,0,
Gujarat,Surat,31666,2447,28424,795,0,264,-50,311,3,
Gujarat,Surendranagar,1958,345,1601,12,0,23,4,18,1,
Chhattisgarh,Surguja,3197,737,2433,27,0,78,27,51,0,
Telangana,Suryapet,4848,4824,24,0,0,39,39,0,0,District-wise numbers are out-dated as cumulative counts for each district are not reported in Telangana bulletin
Manipur,Tamenglong,467,434,32,1,0,5,5,0,0,
Gujarat,Tapi,707,24,678,5,0,8,-5,13,0,
Punjab,Tarn Taran,1839,211,1553,75,0,34,33,0,1,
Arunachal Pradesh,Tawang,326,46,279,1,0,6,0,6,0,
Uttarakhand,Tehri Garhwal,2684,473,2199,4,8,18,-14,32,0,
Manipur,Tengnoupal,130,117,13,0,0,0,0,0,0,
Tamil Nadu,Tenkasi,7572,215,7211,146,0,14,-24,37,1,
Maharashtra,Thane,199925,32161,162641,5122,1,0,0,0,0,
Tamil Nadu,Thanjavur,13348,1221,11931,196,0,240,-22,261,1,
Tamil Nadu,Theni,15490,467,14838,185,0,65,-2,65,2,
Tamil Nadu,Thiruvallur,34388,1621,32193,574,0,234,11,222,1,
Kerala,Thiruvananthapuram,42950,11626,30991,298,35,1012,-69,1074,7,
Tamil Nadu,Thiruvarur,8211,625,7508,78,0,112,-58,170,0,
Tamil Nadu,Thoothukkudi,13994,509,13361,124,0,78,2,75,1,
Manipur,Thoubal,1217,1176,23,18,0,12,12,0,0,
Kerala,Thrissur,19899,8284,11549,60,6,755,-106,860,1,
Madhya Pradesh,Tikamgarh,874,81,767,26,0,2,-1,3,0,
Assam,Tinsukia,3366,1543,1798,25,0,0,0,0,0,
Arunachal Pradesh,Tirap,404,115,289,0,0,17,6,11,0,
Tamil Nadu,Tiruchirappalli,11225,682,10387,156,0,76,-14,90,0,
Tamil Nadu,Tirunelveli,13372,725,12446,201,0,72,-25,96,1,
Tamil Nadu,Tirupathur,5611,460,5044,107,0,68,19,48,1,
Tamil Nadu,Tiruppur,9659,1118,8386,155,0,160,-38,197,1,
Tamil Nadu,Tiruvannamalai,16390,746,15402,242,0,101,6,93,2,
Rajasthan,Tonk,1480,129,1329,22,0,41,7,34,0,
Nagaland,Tuensang,113,22,91,0,0,0,-9,9,0,
Karnataka,Tumakuru,16288,3354,12651,283,0,366,129,231,6,
Rajasthan,Udaipur,5446,203,5189,54,0,79,-217,295,1,
Assam,Udalguri,758,86,666,6,0,0,0,0,0,
Uttarakhand,Udham Singh Nagar,8878,559,8172,69,78,66,32,34,0,
Jammu and Kashmir,Udhampur,2469,305,2142,22,0,26,-7,33,0,
Karnataka,Udupi,18987,1906,16917,164,0,177,-49,225,1,
Madhya Pradesh,Ujjain,3134,197,2840,97,0,13,-26,38,1,
Manipur,Ukhrul,369,351,18,0,0,0,0,0,0,
Madhya Pradesh,Umaria,753,151,593,9,0,16,-7,23,0,
Himachal Pradesh,Una,1398,187,1197,14,0,7,-10,17,0,
Uttar Pradesh,Unnao,3678,517,3091,70,0,24,-35,59,0,
Tripura,Unokoti,2146,555,1575,16,0,37,1,36,0,
Arunachal Pradesh,Upper Siang,170,31,139,0,0,4,4,0,0,
Arunachal Pradesh,Upper Subansiri,330,104,226,0,0,13,7,6,0,
Chhattisgarh,Uttar Bastar Kanker,2843,507,2319,17,0,89,-315,404,0,
West Bengal,Uttar Dinajpur,4011,396,3573,42,0,39,33,5,1,
Karnataka,Uttara Kannada,10912,1981,8804,127,0,196,-103,296,3,
Uttarakhand,Uttarkashi,2313,453,1826,9,25,31,-85,116,0,
Gujarat,Vadodara,13229,2140,10894,195,0,122,8,114,0,
Bihar,Vaishali,4435,208,4193,33,1,29,0,29,0,
Gujarat,Valsad,1204,35,1160,9,0,3,-8,11,0,
Uttar Pradesh,Varanasi,15362,1757,13319,286,0,121,-67,185,3,
Tamil Nadu,Vellore,16009,861,14882,266,0,141,-22,158,5,
Madhya Pradesh,Vidisha,1821,150,1635,36,0,12,-12,24,0,
Karnataka,Vijayapura,10639,1030,9436,173,0,92,-65,156,1,
Telangana,Vikarabad,1507,1491,15,1,0,23,23,0,0,District-wise numbers are out-dated as cumulative counts for each district are not reported in Telangana bulletin
Tamil Nadu,Viluppuram,12371,482,11789,100,0,60,-25,85,0,
Tamil Nadu,Virudhunagar,14722,215,14293,214,0,20,-7,27,0,
Andhra Pradesh,Visakhapatnam,52037,2760,48810,467,0,159,-54,209,4,
Andhra Pradesh,Vizianagaram,36969,2002,34743,224,0,194,19,174,1,
Telangana,Wanaparthy,2517,2517,0,0,0,37,37,0,0,District-wise numbers are out-dated as cumulative counts for each district are not reported in Telangana bulletin
Telangana,Warangal,10743,10720,23,0,0,102,102,0,0,District-wise numbers are out-dated as cumulative counts for each district are not reported in Telangana bulletin
Maharashtra,Wardha,5334,1568,3651,114,1,0,0,0,0,
Maharashtra,Washim,4918,680,4140,97,1,0,0,0,0,
Kerala,Wayanad,4646,1117,3524,5,0,127,-25,152,0,
Bihar,West Champaran,5098,269,4813,16,0,11,-23,34,0,
Meghalaya,West Garo Hills,898,174,722,2,0,13,-16,29,0,
Andhra Pradesh,West Godavari,73391,5578,67344,469,0,862,-40,901,1,
Arunachal Pradesh,West Kameng,608,65,540,3,0,3,3,0,0,
Assam,West Karbi Anglong,39,1,37,1,0,0,0,0,0,
Meghalaya,West Khasi Hills,73,6,66,1,0,0,0,0,0,
Arunachal Pradesh,West Siang,700,248,452,0,0,34,-11,45,0,
Sikkim,West Sikkim,87,72,15,0,0,0,0,0,0,
Jharkhand,West Singhbhum,3970,350,3585,35,0,19,-26,45,0,
Tripura,West Tripura,10017,1279,8561,166,11,77,-52,125,4,
Nagaland,Wokha,36,0,36,0,0,0,0,0,0,
Andhra Pradesh,Y.S.R. KADAPA,47097,3200,43505,392,0,352,-3,354,1,
Telangana,Yadadri Bhuvanagiri,2640,2640,0,0,0,38,38,0,0,District-wise numbers are out-dated as cumulative counts for each district are not reported in Telangana bulletin
Karnataka,Yadgir,9325,1017,8252,56,0,66,-28,94,0,
Haryana,Yamunanagar,4569,276,4205,88,0,21,-19,38,2,
Puducherry,Yanam,1773,134,1597,42,0,8,-9,17,0,"2 cases of AP have been transferred,so have been reduced from the total count"
Maharashtra,Yavatmal,9541,1388,7893,260,0,0,0,0,0,
Nagaland,Zunheboto,125,0,122,0,3,0,0,0,0,
